{
  "checkpoint": "comparison",
  "results": {
    "detailedResults": {
      "Budget Traveler, Long Trip": {
        "Greedy": {
          "averageTripCost": 1350,
          "numberOfRegions": 4,
          "averageWeeksPerRegion": 3.25,
          "totalDistance": 26513.51575035997,
          "averageRegionScore": 22.984016778542653,
          "geographicalDiversity": 54.02955874587592,
          "computationTime": 2
        },
        "Genetic": {
          "averageTripCost": 878.3333333333334,
          "numberOfRegions": 6,
          "averageWeeksPerRegion": 2.1666666666666665,
          "totalDistance": 20160.406171477687,
          "averageRegionScore": 51.19760513609251,
          "geographicalDiversity": 47.00539047085273,
          "computationTime": 7.200000001117587
        },
        "Dynamic": {
          "averageTripCost": 3225,
          "numberOfRegions": 2,
          "averageWeeksPerRegion": 6.5,
          "totalDistance": 12165.486257152246,
          "averageRegionScore": 73.52002300419565,
          "geographicalDiversity": 58.41917321678155,
          "computationTime": 2.700000001117587
        }
      },
      "Luxury Traveler, Short Trip": {
        "Greedy": {
          "averageTripCost": 441.25,
          "numberOfRegions": 4,
          "averageWeeksPerRegion": 1,
          "totalDistance": 40476.33445669887,
          "averageRegionScore": 84.895,
          "geographicalDiversity": 93.67650852687358,
          "computationTime": 4.100000001490116
        },
        "Genetic": {
          "averageTripCost": 375,
          "numberOfRegions": 4,
          "averageWeeksPerRegion": 1,
          "totalDistance": 40717.939987044054,
          "averageRegionScore": 81.25,
          "geographicalDiversity": 67.4427484956336,
          "computationTime": 15.600000001490116
        },
        "Dynamic": {
          "averageTripCost": 987.5,
          "numberOfRegions": 2,
          "averageWeeksPerRegion": 2,
          "totalDistance": 12165.486257152246,
          "averageRegionScore": 86.46000000000001,
          "geographicalDiversity": 58.41917321678155,
          "computationTime": 8.900000000372529
        }
      },
      "Mid-Range, Distance Sensitive": {
        "Greedy": {
          "averageTripCost": 658,
          "numberOfRegions": 5,
          "averageWeeksPerRegion": 1.4,
          "totalDistance": 49324.296476127434,
          "averageRegionScore": 17.5,
          "geographicalDiversity": 102.12928199377497,
          "computationTime": 3.799999998882413
        },
        "Genetic": {
          "averageTripCost": 705,
          "numberOfRegions": 4,
          "averageWeeksPerRegion": 1.75,
          "totalDistance": 12361.298958212943,
          "averageRegionScore": 64.83976810472367,
          "geographicalDiversity": 25.88718215556418,
          "computationTime": 10.599999999627471
        },
        "Dynamic": {
          "averageTripCost": 1712.5,
          "numberOfRegions": 2,
          "averageWeeksPerRegion": 3.5,
          "totalDistance": 12165.486257152246,
          "averageRegionScore": 74.3197880552353,
          "geographicalDiversity": 58.41917321678155,
          "computationTime": 3.699999999254942
        }
      },
      "Cultural Explorer": {
        "Greedy": {
          "averageTripCost": 640,
          "numberOfRegions": 7,
          "averageWeeksPerRegion": 1.4285714285714286,
          "totalDistance": 65120.017332060175,
          "averageRegionScore": 13.133723873452945,
          "geographicalDiversity": 89.58865036292417,
          "computationTime": 7.5
        },
        "Genetic": {
          "averageTripCost": 683.3333333333334,
          "numberOfRegions": 6,
          "averageWeeksPerRegion": 1.6666666666666667,
          "totalDistance": 21735.912219211183,
          "averageRegionScore": 51.37056105737739,
          "geographicalDiversity": 41.80901095646555,
          "computationTime": 8
        },
        "Dynamic": {
          "averageTripCost": 1193.75,
          "numberOfRegions": 4,
          "averageWeeksPerRegion": 2.5,
          "totalDistance": 25616.44429700017,
          "averageRegionScore": 65.7965863708523,
          "geographicalDiversity": 49.625740753514215,
          "computationTime": 5.300000000745058
        }
      },
      "Adventure Seeker": {
        "Greedy": {
          "averageTripCost": 437.85714285714283,
          "numberOfRegions": 7,
          "averageWeeksPerRegion": 1,
          "totalDistance": 79148.05738442388,
          "averageRegionScore": 12.5,
          "geographicalDiversity": 89.58865036292418,
          "computationTime": 15.600000001490116
        },
        "Genetic": {
          "averageTripCost": 905,
          "numberOfRegions": 4,
          "averageWeeksPerRegion": 1.75,
          "totalDistance": 10348.692151418234,
          "averageRegionScore": 64.77293847576513,
          "geographicalDiversity": 24.36558900205472,
          "computationTime": 4.800000000745058
        },
        "Dynamic": {
          "averageTripCost": 1712.5,
          "numberOfRegions": 2,
          "averageWeeksPerRegion": 3.5,
          "totalDistance": 12165.486257152246,
          "averageRegionScore": 54.99172321542067,
          "geographicalDiversity": 58.41917321678155,
          "computationTime": 6.700000001117587
        }
      }
    },
    "analysis": {
      "algorithmComparison": {
        "averageTripCost": [
          "Dynamic",
          "Genetic",
          "Greedy"
        ],
        "numberOfRegions": [
          "Greedy",
          "Genetic",
          "Dynamic"
        ],
        "averageWeeksPerRegion": [
          "Dynamic",
          "Genetic",
          "Greedy"
        ],
        "totalDistance": [
          "Greedy",
          "Genetic",
          "Dynamic"
        ],
        "averageRegionScore": [
          "Dynamic",
          "Genetic",
          "Greedy"
        ],
        "geographicalDiversity": [
          "Greedy",
          "Dynamic",
          "Genetic"
        ],
        "computationTime": [
          "Genetic",
          "Greedy",
          "Dynamic"
        ]
      },
      "averageMetrics": {
        "Greedy": {
          "averageTripCost": {
            "mean": 705.4214285714286,
            "std": 335.6746879382611
          },
          "numberOfRegions": {
            "mean": 5.4,
            "std": 1.3564659966250536
          },
          "averageWeeksPerRegion": {
            "mean": 1.6157142857142859,
            "std": 0.8379323434770244
          },
          "totalDistance": {
            "mean": 52116.44427993406,
            "std": 18431.490523007433
          },
          "averageRegionScore": {
            "mean": 30.202548130399116,
            "std": 27.602359273131206
          },
          "geographicalDiversity": {
            "mean": 85.80252999847457,
            "std": 16.53332081360786
          },
          "computationTime": {
            "mean": 6.600000000372529,
            "std": 4.838594837876592
          }
        },
        "Genetic": {
          "averageTripCost": {
            "mean": 709.3333333333334,
            "std": 189.37792902025305
          },
          "numberOfRegions": {
            "mean": 4.8,
            "std": 0.9797958971132712
          },
          "averageWeeksPerRegion": {
            "mean": 1.6666666666666665,
            "std": 0.37638632635454045
          },
          "totalDistance": {
            "mean": 21064.84989747282,
            "std": 10752.675285272677
          },
          "averageRegionScore": {
            "mean": 62.68617455479174,
            "std": 11.078253473463075
          },
          "geographicalDiversity": {
            "mean": 41.30198421611416,
            "std": 15.751717884422467
          },
          "computationTime": {
            "mean": 9.240000000596046,
            "std": 3.680000000183835
          }
        },
        "Dynamic": {
          "averageTripCost": {
            "mean": 1766.25,