{
  "checkpoint": "comparison",
  "results": {
    "detailedResults": {
      "Budget Traveler, Long Trip": {
        "Greedy": {
          "averageTripCost": 1350,
          "numberOfRegions": 4,
          "averageWeeksPerRegion": 3.25,
          "totalDistance": 26513.51575035997,
          "averageRegionScore": 22.984016778542653,
          "geographicalDiversity": 54.02955874587592,
          "computationTime": 2
        },
        "Genetic": {
          "averageTripCost": 968,
          "numberOfRegions": 5,
          "averageWeeksPerRegion": 2.6,
          "totalDistance": 16723.12464716397,
          "averageRegionScore": 66.74430807934152,
          "geographicalDiversity": 31.071636500119837,
          "computationTime": 14.599999999627471
        },
        "Dynamic": {
          "averageTripCost": 1080,
          "numberOfRegions": 5,
          "averageWeeksPerRegion": 2.6,
          "totalDistance": 32491.223093012726,
          "averageRegionScore": 70.85600089364188,
          "geographicalDiversity": 52.77951281135826,
          "computationTime": 1.300000000745058
        }
      },
      "Luxury Traveler, Short Trip": {
        "Greedy": {
          "averageTripCost": 441.25,
          "numberOfRegions": 4,
          "averageWeeksPerRegion": 1,
          "totalDistance": 40476.33445669887,
          "averageRegionScore": 84.895,
          "geographicalDiversity": 93.67650852687358,
          "computationTime": 1.700000001117587
        },
        "Genetic": {
          "averageTripCost": 600,
          "numberOfRegions": 3,
          "averageWeeksPerRegion": 1.3333333333333333,
          "totalDistance": 4842.796144253328,
          "averageRegionScore": 84.02666666666666,
          "geographicalDiversity": 15.63002203268259,
          "computationTime": 18.700000001117587
        },
        "Dynamic": {
          "averageTripCost": 925,
          "numberOfRegions": 2,
          "averageWeeksPerRegion": 2,
          "totalDistance": 12165.486257152246,
          "averageRegionScore": 86.46000000000001,
          "geographicalDiversity": 58.41917321678155,
          "computationTime": 1.400000000372529
        }
      },
      "Mid-Range, Distance Sensitive": {
        "Greedy": {
          "averageTripCost": 658,
          "numberOfRegions": 5,
          "averageWeeksPerRegion": 1.4,
          "totalDistance": 49324.296476127434,
          "averageRegionScore": 17.5,
          "geographicalDiversity": 102.12928199377497,
          "computationTime": 1.400000000372529
        },
        "Genetic": {
          "averageTripCost": 950,
          "numberOfRegions": 3,
          "averageWeeksPerRegion": 2.3333333333333335,
          "totalDistance": 6078.3114597162175,
          "averageRegionScore": 77.31499877676704,
          "geographicalDiversity": 16.03373527775769,
          "computationTime": 17.5
        },
        "Dynamic": {
          "averageTripCost": 595,
          "numberOfRegions": 5,
          "averageWeeksPerRegion": 1.4,
          "totalDistance": 11426.097316059742,
          "averageRegionScore": 74.38260511029941,
          "geographicalDiversity": 21.515033639988538,
          "computationTime": 1.199999999254942
        }
      },
      "Cultural Explorer": {
        "Greedy": {
          "averageTripCost": 640,
          "numberOfRegions": 7,
          "averageWeeksPerRegion": 1.4285714285714286,
          "totalDistance": 65120.017332060175,
          "averageRegionScore": 13.133723873452945,
          "geographicalDiversity": 89.58865036292417,
          "computationTime": 4.400000000372529
        },
        "Genetic": {
          "averageTripCost": 1040,
          "numberOfRegions": 4,
          "averageWeeksPerRegion": 2.5,
          "totalDistance": 19272.750508377198,
          "averageRegionScore": 52.539171232569196,
          "geographicalDiversity": 57.680678414621525,
          "computationTime": 17
        },
        "Dynamic": {
          "averageTripCost": 737.5,
          "numberOfRegions": 6,
          "averageWeeksPerRegion": 1.6666666666666667,
          "totalDistance": 44820.28147336815,
          "averageRegionScore": 61.7649500172653,
          "geographicalDiversity": 65.4625917686648,
          "computationTime": 3.5
        }
      },
      "Adventure Seeker": {
        "Greedy": {
          "averageTripCost": 437.85714285714283,
          "numberOfRegions": 7,
          "averageWeeksPerRegion": 1,
          "totalDistance": 79148.05738442388,
          "averageRegionScore": 12.5,
          "geographicalDiversity": 89.58865036292418,
          "computationTime": 16.90000000037253
        },
        "Genetic": {
          "averageTripCost": 816.6666666666666,
          "numberOfRegions": 3,
          "averageWeeksPerRegion": 2.3333333333333335,
          "totalDistance": 5902.4968905636,
          "averageRegionScore": 66.82977583952318,
          "geographicalDiversity": 26.350678422497115,
          "computationTime": 9.900000000372529
        },
        "Dynamic": {
          "averageTripCost": 1041.6666666666667,
          "numberOfRegions": 3,
          "averageWeeksPerRegion": 2.3333333333333335,
          "totalDistance": 18523.957961537442,
          "averageRegionScore": 68.74688694289149,
          "geographicalDiversity": 62.987817859035935,
          "computationTime": 7.200000001117587
        }
      }
    },
    "analysis": {
      "algorithmComparison": {
        "averageTripCost": [
          "Dynamic",
          "Genetic",
          "Greedy"
        ],
        "numberOfRegions": [
          "Greedy",
          "Dynamic",
          "Genetic"
        ],
        "averageWeeksPerRegion": [
          "Genetic",
          "Dynamic",
          "Greedy"
        ],
        "totalDistance": [
          "Greedy",
          "Dynamic",
          "Genetic"
        ],
        "averageRegionScore": [
          "Dynamic",
          "Genetic",
          "Greedy"
        ],
        "geographicalDiversity": [
          "Greedy",
          "Dynamic",
          "Genetic"
        ],
        "computationTime": [
          "Genetic",
          "Greedy",
          "Dynamic"
        ]
      },
      "averageMetrics": {
        "Greedy": {
          "averageTripCost": {
            "mean": 705.4214285714286,
            "std": 335.6746879382611
          },
          "numberOfRegions": {
            "mean": 5.4,
            "std": 1.3564659966250536
          },
          "averageWeeksPerRegion": {
            "mean": 1.6157142857142859,
            "std": 0.8379323434770244
          },
          "totalDistance": {
            "mean": 52116.44427993406,
            "std": 18431.490523007433
          },
          "averageRegionScore": {
            "mean": 30.202548130399116,
            "std": 27.602359273131206
          },
          "geographicalDiversity": {
            "mean": 85.80252999847457,
            "std": 16.53332081360786
          },
          "computationTime": {
            "mean": 5.280000000447035,
            "std": 5.906403304839743
          }
        },
        "Genetic": {
          "averageTripCost": {
            "mean": 874.9333333333334,
            "std": 155.25898077441803
          },
          "numberOfRegions": {
            "mean": 3.6,
            "std": 0.8
          },
          "averageWeeksPerRegion": {
            "mean": 2.22,
            "std": 0.45489925624618616
          },
          "totalDistance": {
            "mean": 10563.895930014862,
            "std": 6137.75754263785
          },
          "averageRegionScore": {
            "mean": 69.4909841189735,
            "std": 10.719062378787111
          },
          "geographicalDiversity": {
            "mean": 29.353350129535748,
            "std": 15.363254518858898
          },
          "computationTime": {
            "mean": 15.540000000223518,
            "std": 3.1193589086080293
          }
        },